Type,Name,Request Count,Failure Count,Median Response Time,Average Response Time,Min Response Time,Max Response Time,Average Content Size,Requests/s,Failures/s,50%,66%,75%,80%,90%,95%,98%,99%,99.9%,99.99%,100%
GET,/,106615,95,520.0,690.2625793743869,467.8368329996374,17408.48412499963,6998.7581484781695,175.91373003644821,0.15674909115473978,520,560,600,630,840,1200,2000,2700,15000,17000,17000
GET,/api/cart/view/,35462,31,7,249.5726397717825,0.6263750001380686,17189.602958999785,49.95629124132875,58.511960742414544,0.051149703429441404,7,98,490,510,570,650,1800,2200,11000,16000,17000
GET,/api/orders/serviceable-pincodes/,1,0,610.5824159994881,610.5824159994881,610.5824159994881,610.5824159994881,150.0,0.0016499904332077872,0.0,610,610,610,610,610,610,610,610,610,610,610
GET,/api/products/categories/[id]/products/,106514,104,3,71.97138133537467,0.6829579997429391,10479.329167000287,813.0573070206733,175.74708100269424,0.17159900505360987,3,7,25,50,110,160,240,320,10000,10000,10000
GET,/api/products/category-cards/,106611,90,3,75.63333250347478,0.6603749998248531,10530.120958000225,182.22243483317857,175.90713007471538,0.14849913898870085,3,7,26,50,110,170,250,730,10000,10000,11000
GET,/api/products/search/,71270,71,4,87.65209061896982,0.7535839995398419,10492.31541699919,382.40516346288763,117.594818174719,0.11714932075775289,4,7,26,50,110,170,280,1100,10000,10000,10000
GET,/section-page/,70965,67,2,63.759386446093025,0.6331660006253514,10117.780958000367,3345.838117381808,117.09157109259061,0.11054935902492173,2,4,13,31,85,130,190,260,9800,10000,10000
,Aggregated,497438,458,6,219.01072036042277,0.6263750001380686,17408.48412499963,2248.852359490027,820.7679411140152,0.7556956184091665,6,78,230,500,550,650,1100,2100,10000,16000,17000
